run_name,preset,run_id,timestamp,wavlm_variant,use_pantagruel,use_residual,fusion_dim,aug_types_enabled,finetune_scope,k_folds,max_len_s,batch_size,accum_steps,effective_batch,epochs_max,lr,weight_decay,dropout,hidden_dim,input_dropout,focal_gamma,n_total,n_healthy_target,oof_balanced_accuracy,oof_macro_f1,oof_macro_auc_ovr,mean_balanced_accuracy,std_balanced_accuracy,mean_macro_f1,std_macro_f1,mean_macro_auc_ovr,std_macro_auc_ovr,notes
demo,test,1,,,,,,,,,,,,,,,,,,,,,,,,,,,,,,,
pantagruel_wavlm_bp_kfold_aug,pantagruel_wavlm_bp,2,2026-08-05T14:31:03,base_plus,True,False,1792.0,signal+vc,tete_fusion+proj_residu (encodeurs geles),5.0,4.0,8.0,2.0,16.0,30.0,0.0001,0.1,0.2,256.0,0.1,2.0,265.0,100.0,0.6516327221165931,0.6459114315824166,0.86378869279616,0.6502724358974359,0.0188646709898396,0.6397183296047377,0.0079417621692856,0.8668897691155838,0.0147672171386758,
pantagruel_wavlm_bp_residual_kfold_aug,pantagruel_wavlm_bp_residual,3,2026-08-05T15:09:33,base_plus,True,True,1824.0,signal+vc,tete_fusion+proj_residu (encodeurs geles),5.0,4.0,8.0,2.0,16.0,30.0,0.0001,0.1,0.2,256.0,0.1,2.0,265.0,100.0,0.649132722116593,0.6459175832985391,0.8628439164407666,0.6520352564102565,0.0507189259039992,0.6381848355342159,0.0455704572038731,0.8662966798614488,0.0235022896912994,
pantagruel_solo_kfold_aug,pantagruel_solo,4,2026-08-05T16:51:18,,True,False,1024.0,signal+vc,tete_fusion+proj_residu (encodeurs geles),5.0,4.0,8.0,2.0,16.0,30.0,0.0001,0.1,0.2,256.0,0.1,2.0,265.0,100.0,0.6248444297637846,0.6049807143941941,0.837220192301265,0.6218269230769231,0.0374346076788712,0.6052097547744748,0.0302103583612477,0.8524185989765328,0.0229299784652254,
wavlm_bp_solo_kfold_aug,wavlm_bp_solo,5,2026-08-05T17:20:16,base_plus,False,False,768.0,signal+vc,tete_fusion+proj_residu (encodeurs geles),5.0,4.0,8.0,2.0,16.0,30.0,0.0001,0.1,0.2,256.0,0.1,2.0,265.0,100.0,0.5867008797653959,0.5696678438944685,0.80603728345343,0.5847756410256411,0.0655445534363154,0.5615747225178069,0.0540782676278326,0.8117615246327727,0.023829224677924,
pantagruel_residual_kfold_aug,pantagruel_residual,6,2026-08-06T10:22:49,,True,True,1056.0,signal+vc,tete_fusion+proj_residu (encodeurs geles),5.0,4.0,8.0,2.0,16.0,30.0,0.0001,0.1,0.2,256.0,0.1,2.0,265.0,100.0,0.6589953594792304,0.6319683633116469,0.8614499143695526,0.6570352564102564,0.0368648267371705,0.6186091183438608,0.0447988043630865,0.8631912873760201,0.0220939599224669,
residual_solo_kfold_aug,residual_solo,7,2026-08-06T10:34:49,,False,True,32.0,signal+vc,tete_fusion+proj_residu (encodeurs geles),5.0,4.0,8.0,2.0,16.0,30.0,0.0001,0.1,0.2,256.0,0.1,2.0,265.0,100.0,0.4732841352196191,0.4466660534931344,0.7198811122514608,0.4724038461538461,0.0726456996830903,0.4529244425359784,0.0651369527411471,0.7130372173153938,0.0719239063904272,
wavlm_bp_residual_kfold_aug,wavlm_bp_residual,8,2026-08-06T11:23:16,base_plus,False,True,800.0,signal+vc,tete_fusion+proj_residu (encodeurs geles),5.0,4.0,8.0,2.0,16.0,30.0,0.0001,0.1,0.2,256.0,0.1,2.0,265.0,100.0,0.6056082627050369,0.5826825069493122,0.8254513028696202,0.604375,0.0671868573467422,0.5833063393312556,0.059733261276742,0.8282390437817814,0.0390062826577863,
pantagruel_wavlm_bp_residual_kfold_aug,pantagruel_wavlm_bp_residual,9,2026-08-06T12:09:52,base_plus,True,True,1824.0,vc,tete_fusion+proj_residu (encodeurs geles),5.0,4.0,8.0,2.0,16.0,30.0,0.0001,0.1,0.2,256.0,0.1,2.0,265.0,100.0,0.6578377267893397,0.6468035397855348,0.8622664502058964,0.6587019230769231,0.0223343339935233,0.6414688706279894,0.0285003698726424,0.8718673040623578,0.018287255282731,
pantagruel_wavlm_bp_kfold_aug,pantagruel_wavlm_bp,10,2026-08-06T13:49:40,base_plus,True,False,1792.0,vc,tete_fusion+proj_residu (encodeurs geles),5.0,4.0,8.0,2.0,16.0,30.0,0.0001,0.1,0.2,256.0,0.1,2.0,265.0,100.0,0.6374654377880185,0.6177211299899047,0.8688727955772231,0.6374679487179487,0.038769326358564,0.6215678770446194,0.034282114241505,0.8737924018327325,0.0118128194937162,
pantagruel_solo_kfold_aug,pantagruel_solo,11,2026-08-06T14:26:07,,True,False,1024.0,vc,tete_fusion+proj_residu (encodeurs geles),5.0,4.0,8.0,2.0,16.0,30.0,0.0001,0.1,0.2,256.0,0.1,2.0,265.0,100.0,0.5986766459347104,0.5844473798437992,0.851467002393918,0.5961217948717948,0.0317004841228429,0.581151790481922,0.0329940478354635,0.8597590876033643,0.0089838492257778,
wavlm_bp_solo_kfold_aug,wavlm_bp_solo,12,2026-08-06T14:48:46,base_plus,False,False,768.0,vc,tete_fusion+proj_residu (encodeurs geles),5.0,4.0,8.0,2.0,16.0,30.0,0.0001,0.1,0.2,256.0,0.1,2.0,265.0,100.0,0.5532393413038574,0.5485733596056184,0.8125470897798394,0.5546794871794871,0.0328995618336249,0.5480445173098938,0.0292844019531438,0.8160283346824843,0.0228542374804922,
residual_solo_kfold_aug,residual_solo,13,2026-08-06T15:14:54,,False,True,32.0,vc,tete_fusion+proj_residu (encodeurs geles),5.0,4.0,8.0,2.0,16.0,30.0,0.0001,0.1,0.2,256.0,0.1,2.0,265.0,100.0,0.4683142663787825,0.4135813421364412,0.7079745386828948,0.4690544871794871,0.0729916580421192,0.4115286071637557,0.0585379317223328,0.7082219648968995,0.0608446298131507,
pantagruel_residual_kfold_aug,pantagruel_residual,14,2026-08-06T15:51:35,,True,True,1056.0,vc,tete_fusion+proj_residu (encodeurs geles),5.0,4.0,8.0,2.0,16.0,30.0,0.0001,0.1,0.2,256.0,0.1,2.0,265.0,100.0,0.6242775772614483,0.599452542942247,0.8689681364707763,0.6226442307692308,0.0206868618322229,0.5922554710463456,0.0373719797140087,0.8735343268046474,0.0215320754356793,
wavlm_bp_residual_kfold_aug,wavlm_bp_residual,15,2026-08-06T16:18:43,base_plus,False,True,800.0,vc,tete_fusion+proj_residu (encodeurs geles),5.0,4.0,8.0,2.0,16.0,30.0,0.0001,0.1,0.2,256.0,0.1,2.0,265.0,100.0,0.6106818987464149,0.5741464988371218,0.8262001079742987,0.6089583333333332,0.0392745272971117,0.5728286088915873,0.0377530150866025,0.8234971405391065,0.0363715236554342,
pantagruel_solo_kfold_aug,pantagruel_solo,16,2026-08-06T16:37:24,,True,False,1024.0,signal,tete_fusion+proj_residu (encodeurs geles),5.0,4.0,8.0,2.0,16.0,30.0,0.0001,0.1,0.2,256.0,0.1,2.0,265.0,100.0,0.6006021397956882,0.5968707094232746,0.8209086579211777,0.602275641025641,0.0520247636657359,0.5873604639539834,0.0229328664737561,0.8382046186127727,0.0190350992732756,
wavlm_bp_residual_kfold_aug,wavlm_bp_residual,17,2026-08-06T16:55:11,base_plus,False,True,800.0,signal,tete_fusion+proj_residu (encodeurs geles),5.0,4.0,8.0,2.0,16.0,30.0,0.0001,0.1,0.2,256.0,0.1,2.0,265.0,100.0,0.5617908704199027,0.5575174825174826,0.7965761534799881,0.5609455128205127,0.0610740837914346,0.5516790857327022,0.0541566588060709,0.7963363191350518,0.0438092735294384,
wavlm_bp_residual_kfold_aug,wavlm_bp_residual,18,2026-08-06T17:12:27,base_plus,False,True,800.0,signal,tete_fusion+proj_residu (encodeurs geles),5.0,4.0,8.0,2.0,16.0,30.0,0.0001,0.1,0.5,128.0,0.3,2.0,265.0,100.0,0.527417421288389,0.5253087024081172,0.7577257481844596,0.5241826923076923,0.063354367549317,0.5281294390647168,0.0453091136443919,0.7577215791555132,0.04061125574553,
pantagruel_wavlm_bp_residual_kfold_aug,pantagruel_wavlm_bp_residual,19,2026-08-24T12:13:11,base_plus,True,True,1824.0,signal,tete_fusion+proj_residu (encodeurs geles),5.0,4.0,8.0,2.0,16.0,30.0,0.0001,0.1,0.5,128.0,0.3,2.0,265.0,100.0,0.6203788147336534,0.6130888869362188,0.803729369020138,0.6167147435897435,0.0478496095185898,0.606239615061879,0.0406276428699556,0.8193973942474134,0.0342169141576555,
pantagruel_wavlm_bp_kfold_aug,pantagruel_wavlm_bp,20,2026-08-24T12:34:38,base_plus,True,False,1792.0,signal,tete_fusion+proj_residu (encodeurs geles),5.0,4.0,8.0,2.0,16.0,30.0,0.0001,0.1,0.5,128.0,0.3,2.0,265.0,100.0,0.6393723212271598,0.6339761894302157,0.8397403191285084,0.6404967948717948,0.0597908806276463,0.6319895987063565,0.0440144304378452,0.8465093351530205,0.0271131100236096,
pantagruel_solo_kfold_aug,pantagruel_solo,21,2026-08-24T14:12:24,,True,False,1024.0,signal,tete_fusion+proj_residu (encodeurs geles),5.0,4.0,8.0,2.0,16.0,30.0,0.0001,0.1,0.5,128.0,0.3,2.0,265.0,100.0,0.590900631626438,0.5841127493449503,0.8023271896039681,0.5926923076923077,0.0478085256531015,0.5811688700727294,0.0392955826236689,0.8075106279181676,0.0364026545936578,
wavlm_bp_solo_kfold_aug,wavlm_bp_solo,22,2026-08-24T14:27:18,base_plus,False,False,768.0,signal,tete_fusion+proj_residu (encodeurs geles),5.0,4.0,8.0,2.0,16.0,30.0,0.0001,0.1,0.5,128.0,0.3,2.0,265.0,100.0,0.5080431665109084,0.513825246701959,0.7352429633109351,0.5060416666666667,0.0549867394248282,0.5141316629010573,0.0484012624323474,0.7510783840505866,0.0367763048768827,
residual_solo_kfold_aug,residual_solo,23,2026-08-24T15:42:25,,False,True,32.0,signal,tete_fusion+proj_residu (encodeurs geles),5.0,4.0,8.0,2.0,16.0,30.0,0.0001,0.1,0.5,128.0,0.3,2.0,265.0,100.0,0.4129617157036511,0.4181951133704382,0.6520378210728728,0.4140224358974359,0.0795580678008365,0.4111738848479427,0.081161730125351,0.6781040891687213,0.0621295027783287,
pantagruel_residual_kfold_aug,pantagruel_residual,24,2026-08-24T15:57:43,,True,True,1056.0,signal,tete_fusion+proj_residu (encodeurs geles),5.0,4.0,8.0,2.0,16.0,30.0,0.0001,0.1,0.5,128.0,0.3,2.0,265.0,100.0,0.5839101221359286,0.5800077186011632,0.816919538742483,0.584551282051282,0.033574932280224,0.570032104709353,0.0227618799400069,0.824528069933766,0.0348131850855518,
wavlm_bp_residual_kfold_aug,wavlm_bp_residual,25,2026-08-24T16:08:30,base_plus,False,True,800.0,signal,tete_fusion+proj_residu (encodeurs geles),5.0,4.0,8.0,2.0,16.0,30.0,0.0001,0.1,0.5,128.0,0.3,2.0,265.0,100.0,0.527417421288389,0.5253087024081172,0.7577257481844596,0.5241826923076923,0.063354367549317,0.5281294390647168,0.0453091136443919,0.7577215791555132,0.04061125574553,
pantagruel_wavlm_bp_residual_kfold_aug,pantagruel_wavlm_bp_residual,26,2026-08-24T16:27:42,base_plus,True,True,1824.0,aucune,tete_fusion+proj_residu (encodeurs geles),5.0,4.0,8.0,2.0,16.0,30.0,0.0001,0.1,0.5,128.0,0.3,2.0,265.0,100.0,0.6026515420063807,0.5924704742226544,0.8024924332657043,0.6038141025641025,0.0347274476262053,0.5887533400896761,0.029895025613056,0.8066229547978858,0.0265773213941009,
pantagruel_wavlm_bp_kfold_aug,pantagruel_wavlm_bp,27,2026-08-24T16:42:50,base_plus,True,False,1792.0,aucune,tete_fusion+proj_residu (encodeurs geles),5.0,4.0,8.0,2.0,16.0,30.0,0.0001,0.1,0.5,128.0,0.3,2.0,265.0,100.0,0.57151388933647,0.546939026443527,0.7764556014083008,0.5733173076923077,0.0732785469210192,0.5426859541284542,0.0593524761811504,0.7960340836705277,0.0442121305238974,
pantagruel_solo_kfold_aug,pantagruel_solo,28,2026-08-24T16:53:30,,True,False,1024.0,aucune,tete_fusion+proj_residu (encodeurs geles),5.0,4.0,8.0,2.0,16.0,30.0,0.0001,0.1,0.5,128.0,0.3,2.0,265.0,100.0,0.5408647803809095,0.507165326389788,0.7603909534676707,0.5433974358974358,0.0731228066704111,0.5127629917901633,0.0958062306000314,0.7664627295796553,0.0625748029486802,
wavlm_bp_solo_kfold_aug,wavlm_bp_solo,29,2026-08-24T17:05:41,base_plus,False,False,768.0,aucune,tete_fusion+proj_residu (encodeurs geles),5.0,4.0,8.0,2.0,16.0,30.0,0.0001,0.1,0.5,128.0,0.3,2.0,265.0,100.0,0.4621613870000967,0.450300460166064,0.6998224177349865,0.4655608974358974,0.0857140065736782,0.4464595894762775,0.0839531922601577,0.7008827201956691,0.0588621426648253,
residual_solo_kfold_aug,residual_solo,30,2026-08-25T09:29:59,,False,True,32.0,aucune,tete_fusion+proj_residu (encodeurs geles),5.0,4.0,8.0,2.0,16.0,30.0,0.0001,0.1,0.5,128.0,0.3,2.0,265.0,100.0,0.3220938738680673,0.2796700173938026,0.5165965494394352,0.3283814102564102,0.0844530831626093,0.2332613163419615,0.1535989517195782,0.5268798519473656,0.0949780455752428,
pantagruel_residual_kfold_aug,pantagruel_residual,31,2026-08-25T09:46:43,,True,True,1056.0,aucune,tete_fusion+proj_residu (encodeurs geles),5.0,4.0,8.0,2.0,16.0,30.0,0.0001,0.1,0.5,128.0,0.3,2.0,265.0,100.0,0.5400303728529535,0.4990193486574309,0.7802656964154245,0.544775641025641,0.0392333091602787,0.4920031812647051,0.049849643151845,0.7896090256879458,0.0218469216139205,
wavlm_bp_residual_kfold_aug,wavlm_bp_residual,32,2026-08-25T09:59:19,base_plus,False,True,800.0,aucune,tete_fusion+proj_residu (encodeurs geles),5.0,4.0,8.0,2.0,16.0,30.0,0.0001,0.1,0.5,128.0,0.3,2.0,265.0,100.0,0.5161688311688312,0.4966962718225391,0.7387923503346723,0.5172916666666667,0.0328379227849505,0.4939187780208106,0.07115432433793,0.741855593622589,0.0168952486500704,
pantagruel_wavlm_bp_residual_kfold_aug,pantagruel_wavlm_bp_residual,33,2026-08-25T11:03:04,base_plus,True,True,1824.0,h_vc,tete_fusion+proj_residu (encodeurs geles),5.0,4.0,8.0,2.0,16.0,30.0,0.0001,0.1,0.5,128.0,0.3,2.0,265.0,100.0,0.6151143211627083,0.6024166180119691,0.8372094512371955,0.6137019230769231,0.0349563829318176,0.5993727707554347,0.0220499889074092,0.8500202650324533,0.0379558462717395,
pantagruel_wavlm_bp_kfold_aug,pantagruel_wavlm_bp,34,2026-08-25T11:31:05,base_plus,True,False,1792.0,h_vc,tete_fusion+proj_residu (encodeurs geles),5.0,4.0,8.0,2.0,16.0,30.0,0.0001,0.1,0.5,128.0,0.3,2.0,265.0,100.0,0.6213766878283007,0.6010518341026816,0.8480036590887818,0.6203685897435898,0.0662114636782744,0.5960861882882709,0.0536783962151356,0.8567931939060707,0.0250142601998645,
pantagruel_solo_kfold_aug,pantagruel_solo,35,2026-08-25T11:52:23,,True,False,1024.0,h_vc,tete_fusion+proj_residu (encodeurs geles),5.0,4.0,8.0,2.0,16.0,30.0,0.0001,0.1,0.5,128.0,0.3,2.0,265.0,100.0,0.6192386645612452,0.5543619543751357,0.8434546120467012,0.617676282051282,0.0321168999783232,0.5418072456800654,0.0651101293666716,0.85401675365865,0.0136930454011467,
wavlm_bp_solo_kfold_aug,wavlm_bp_solo,36,2026-08-25T12:10:35,base_plus,False,False,768.0,h_vc,tete_fusion+proj_residu (encodeurs geles),5.0,4.0,8.0,2.0,16.0,30.0,0.0001,0.1,0.5,128.0,0.3,2.0,265.0,100.0,0.5073590925203828,0.4847932154247112,0.7364508590714853,0.5023557692307692,0.0440393100494899,0.4745944448989384,0.0335570835623998,0.7430427791706402,0.0557109726520039,
residual_solo_kfold_aug,residual_solo,37,2026-08-25T12:19:05,,False,True,32.0,h_vc,tete_fusion+proj_residu (encodeurs geles),5.0,4.0,8.0,2.0,16.0,30.0,0.0001,0.1,0.5,128.0,0.3,2.0,265.0,100.0,0.3153064677258226,0.3182627034712194,0.5885206899180716,0.3186217948717949,0.0883245757818739,0.2976771428090879,0.1000169005331608,0.5886532315158588,0.0919943555264743,
pantagruel_residual_kfold_aug,pantagruel_residual,38,2026-08-25T13:56:32,,True,True,1056.0,h_vc,tete_fusion+proj_residu (encodeurs geles),5.0,4.0,8.0,2.0,16.0,30.0,0.0001,0.1,0.5,128.0,0.3,2.0,265.0,100.0,0.5813803937997486,0.5266693155653361,0.8556444127975527,0.5815224358974359,0.0474952661444362,0.5088725494157954,0.0450927558694516,0.8585520575409242,0.0187193621278301,
wavlm_bp_residual_kfold_aug,wavlm_bp_residual,39,2026-08-25T14:22:33,base_plus,False,True,800.0,h_vc,tete_fusion+proj_residu (encodeurs geles),5.0,4.0,8.0,2.0,16.0,30.0,0.0001,0.1,0.5,128.0,0.3,2.0,265.0,100.0,0.5034517095807418,0.48664632986466,0.7716504559997952,0.5015705128205128,0.0640023405210151,0.4884098329989629,0.0549397167708056,0.7823091855533373,0.0415165309088964,
pantagruel_wavlm_bp_residual_kfold_aug,pantagruel_wavlm_bp_residual,40,2026-08-25T14:53:40,base_plus,True,True,1824.0,h_vc+signal,tete_fusion+proj_residu (encodeurs geles),5.0,4.0,8.0,2.0,16.0,30.0,0.0001,0.1,0.5,128.0,0.3,2.0,265.0,100.0,0.6036781766620476,0.5889343009931245,0.8443385979855738,0.6040064102564102,0.0317772237486214,0.5812935534783201,0.0226094913028229,0.8553846149662696,0.0290233510006936,
pantagruel_wavlm_la_kfold_aug,pantagruel_wavlm_la,41,2026-08-25T15:28:00,large,True,False,2048.0,h_vc+signal,tete_fusion+proj_residu (encodeurs geles),5.0,4.0,8.0,2.0,16.0,30.0,0.0001,0.1,0.5,128.0,0.3,2.0,265.0,100.0,0.6984246398762528,0.6600730248941238,0.882647562155435,0.6971314102564102,0.0314402084429513,0.6550549814832249,0.0472107777228346,0.8818222289050273,0.0169905147239235,
pantagruel_wavlm_la_residual_kfold_aug,pantagruel_wavlm_la_residual,42,2026-08-25T16:05:40,large,True,True,2080.0,h_vc+signal,tete_fusion+proj_residu (encodeurs geles),5.0,4.0,8.0,2.0,16.0,30.0,0.0001,0.1,0.5,128.0,0.3,2.0,265.0,100.0,0.6912518932680223,0.661646963873834,0.885951280242753,0.689423076923077,0.0350524036523606,0.6606155473793172,0.0330669514688852,0.8860253018064451,0.0135828935536405,
pantagruel_wavlm_bp_kfold_aug,pantagruel_wavlm_bp,43,2026-08-25T16:55:41,base_plus,True,False,1792.0,h_vc+signal,tete_fusion+proj_residu (encodeurs geles),5.0,4.0,8.0,2.0,16.0,30.0,0.0001,0.1,0.5,128.0,0.3,2.0,265.0,100.0,0.6434433308626857,0.6344619581086693,0.8601627955640399,0.6421474358974358,0.0374544293566894,0.6285794702026088,0.0364707356202726,0.8684417704861263,0.0228158396265055,
pantagruel_solo_kfold_aug,pantagruel_solo,44,2026-08-26T09:56:15,,True,False,1024.0,h_vc+signal,tete_fusion+proj_residu (encodeurs geles),5.0,4.0,8.0,2.0,16.0,30.0,0.0001,0.1,0.5,128.0,0.3,2.0,265.0,100.0,0.5833244980825626,0.550444044303616,0.8346587268188783,0.5814423076923078,0.0392324581712863,0.5339751418617249,0.0397546630751921,0.8460149749659622,0.0139067718498546,
wavlm_bp_solo_kfold_aug,wavlm_bp_solo,45,2026-08-26T10:15:43,base_plus,False,False,768.0,h_vc+signal,tete_fusion+proj_residu (encodeurs geles),5.0,4.0,8.0,2.0,16.0,30.0,0.0001,0.1,0.5,128.0,0.3,2.0,265.0,100.0,0.4841518964906062,0.4611089237834853,0.7392145527565456,0.4795833333333332,0.0635736745215185,0.4575787767745684,0.0348948050362503,0.7481469532433158,0.0506797290268613,
wavlm_la_solo_kfold_aug,wavlm_la_solo,46,2026-08-26T10:57:51,large,False,False,1024.0,h_vc+signal,tete_fusion+proj_residu (encodeurs geles),5.0,4.0,8.0,2.0,16.0,30.0,0.0001,0.1,0.5,128.0,0.3,2.0,265.0,100.0,0.6381997035222842,0.5976755330152697,0.8326773401813891,0.6383012820512821,0.0333572091513493,0.5956284561605516,0.0554080191007838,0.8432416609017986,0.0376522192075073,
pantagruel_residual_kfold_aug,pantagruel_residual,47,2026-08-26T16:54:09,,True,True,1056.0,h_vc+signal,tete_fusion+proj_residu (encodeurs geles),5.0,4.0,8.0,2.0,16.0,30.0,0.0001,0.1,0.5,128.0,0.3,2.0,265.0,100.0,0.5711517514743321,0.5489869465690467,0.8530931724359974,0.5732852564102563,0.01373837743200291,0.5413742611887276,0.044152855657959574,0.8521313184816925,0.02369943902429666,
